"FSC-A","SSC-A","CCR6","CCR7","CD11c","CD127","CD4","CD45RA","CD49a","CD56","CD69","CD86","CD8a","Eomes","FoxP3","HLA-DR","RORyt","T-bet"
1.53853e+06,567825,-3600.63,396.936,17.2644,193.913,14709.3,10539.3,5159.19,-667.425,1463.03,24100.3,24.3196,810.361,948.811,520.773,1089.92,13289.7
2.03297e+06,888241,-429.079,-391.996,-495.745,9508.42,11251.7,25.4804,10990.2,-211.08,19278.2,15455.1,576.195,1784.5,-144.527,275.841,1671.03,4427.4
1.41766e+06,374006,-2762.06,-453.045,-60.0465,1366.56,12746.7,74096.6,1086.04,-1157.48,33306.1,7881.29,1502.89,1948.74,536.474,2585.92,-1489.18,2774.99
1.32494e+06,425497,-1751.38,3018.44,-309.268,6200.86,10954.3,13479.4,682.637,-90.9812,1306.23,3919.45,257.428,-1088.87,-152.324,204.369,1055.99,2751.03
1.37602e+06,421331,-389.073,-810.957,-1258.44,815.698,15764.8,401.13,28626.3,-785.023,23657.2,-145.051,467.471,-420.808,80.8172,64.6284,3608.43,3422.45
1.31384e+06,408763,-245.482,1125.34,-414.578,2594.18,7560.51,865.708,338.04,-22.873,32179.8,-244.88,-823.141,-1155.74,-275.603,496.366,1683.53,9169.3
1.43081e+06,497896,-2423.82,1733.21,-390.59,70.8302,10874,1162.89,31135.5,-196.12,23036.6,8770.73,1238.03,1207.36,-599.712,1805.69,1224.32,12733.8
1.5154e+06,307083,-1650.58,601.403,-50.6813,236.519,14782.8,2101.5,-249.647,-550.799,21358.3,303.833,1194.9,-1244.32,-430.201,14023.8,1022.18,7642.02
1.81868e+06,424684,-3353.95,-551.218,-604.039,399.21,19621.7,67372.1,5220.67,1646.87,17317.3,24618.3,3833.74,11397.8,-225.137,7940.98,507.319,4856.7
1.43843e+06,593075,-909.842,828.999,-1027.8,-310.125,11543.8,-192.909,2223.89,-1634.27,13810.1,25035.4,-1126.63,-1794.53,3200.75,-1886.17,4163.85,1915.22
1.64494e+06,614623,-1514.06,-341.147,-545.776,-1117.16,16308.7,5906.27,1321.15,18.545,44968.9,112.888,2018.5,-1372.15,-213.774,-79.9932,544.274,32043.3
1.71494e+06,663236,438.712,-81.4359,107.238,-610.385,12380.3,-152.428,258.982,-451.731,4710.08,9557.56,468.473,-723.764,350.933,483.297,1723.46,2935.13
1.42194e+06,634494,533.673,1596.8,-261.936,4503.58,13494.4,2591.26,3350.23,291.733,98.9121,-119.806,-403.212,488.604,419.301,-1400.67,6387.07,9346.08
1.49659e+06,470921,-3723.21,12973.1,-622.608,473.055,15520.9,1611.81,934.377,-1022.23,858.958,143.772,1355.89,-43.0226,-397.701,4787.57,2321.24,4115.24
1.56456e+06,338667,-1346.99,150.676,-260.879,36.4638,8869.52,32943.4,2370.75,-226.823,15586,7471.67,864.649,1376.81,534.265,389.376,1043.3,6098.78
1.63682e+06,486476,-1755.19,107.031,-859.686,-119.887,16066.8,466.668,-241.239,-1144.07,18963.8,21369,756.541,445.346,1411.18,-107.183,5292.27,590.218
1.63977e+06,640687,-2132.31,-1019.49,-1101.02,1349.13,22240.6,2217.08,43310.3,-736.69,46367.6,-240.761,1768.13,1808.82,-22.067,2091.47,1459.38,14659.3
1.53109e+06,419591,-2527.98,1154.25,6.69655,2998.56,16236.4,4110.79,-279.895,9223.4,60418,76973.2,607.062,102.743,-846.695,-96.3594,-1051.04,1949.47
1.33833e+06,493319,-2728.02,1427.95,-672.524,-290.899,9731.03,5417.66,2765.31,-831.005,59166.4,-19.0715,818.757,-422.428,-295.945,743.062,2187.05,15719.2
1.52749e+06,581346,-1715.96,430.043,-1502.18,-664.063,6021.37,10070.7,414.584,3031.01,6260.47,2084.82,306.101,150.91,-422.45,3108.41,3862.88,10910.8
1.58306e+06,452554,-1441.38,2172.17,-138.934,-231.036,7985.19,8553.65,2298.52,135.653,45745.8,685.176,28114.2,-1809.89,-80.9497,5106.55,1519.83,39745.3
1.31527e+06,336333,-803.863,1463.45,-1131.05,-906.58,10160.9,20955.4,1452.95,161.381,12042.7,-485.467,21454.5,-338.64,410.869,-525.068,757.439,16221
1.45127e+06,407688,-1126.64,116.814,-1046.48,16663.5,14012.1,11746.1,35597.4,136.951,1085.24,-339.279,1245.12,899.465,-163.386,1527.73,2141.41,16892.8
1.86389e+06,975470,3438.95,3192.61,-558.875,20930.1,14229.7,-56.3287,2446.25,-668.635,22936.6,-702.081,36019.3,24.6073,148.753,-147.25,6858.74,4891.19
1.40615e+06,289024,53.2993,-797.495,645.065,-348.881,5916.05,-320.338,682.332,-438.631,9174.32,7903.47,450.071,312.981,2586.99,-717.701,950.848,646.71
1.25718e+06,617342,361.414,1034.75,-559.213,1079.67,9662.82,886.807,-205.278,3.8321,32563.3,186.731,-467.062,597.809,1019.61,378.421,4956.46,335.371
1.53677e+06,366707,-1615.46,2014.57,-679.866,11.6111,7992.38,949.802,7164.61,-1182.01,26793.3,6323.38,-485.524,1286.53,-948.396,636.977,2152.18,9867.63
1.40167e+06,455548,-970.543,-575.317,-423.365,194.388,7160.19,1751.65,1799.92,-538.901,22270.1,-762.916,659.503,505.779,3.60048,-199.449,1735.35,10328.7
1.73848e+06,496931,-1862.65,2739.99,-343.668,20917.8,10796.7,38585.8,1564.94,-106.296,4852.42,935.385,646.19,439.841,-32.9639,426.29,2146.05,36670.8
1.27173e+06,674302,-2351.18,-264.135,-1173.46,2190.63,16738.6,16346.7,5543.29,32211.4,71889.7,12969.8,4122.98,-682.359,-218.665,-1769.29,2169.1,30310.7
1.51037e+06,605045,-1167.52,-227.448,-1303.17,5494.28,19924.6,28848.5,-138.01,-571.005,19256.7,18511.9,1271.53,340.685,882.125,-16.2305,551.594,16724.7
1.3994e+06,585597,-1220.87,1340.17,452.097,3252.39,13931,22140.6,42453,33.7114,40890.8,17237.8,-568.981,806.675,703.478,8076.19,2020.88,16316.7
1.48434e+06,445642,-1704.46,1328.31,-50.6553,2076.22,9261.97,21546.8,23741.9,458.826,15981.8,-319.709,313.229,101.661,61.3828,2174.5,1260.14,20913
1.24719e+06,878508,-1973.81,6216.06,-239.543,10089.9,33282,14615.1,27467.4,18098.4,12091.6,71654.9,337147,-2256.87,152.681,-1752.27,1040.99,12471.8
1.4623e+06,370288,-2507.1,1082.85,-250.073,1840.95,23022.4,6856.76,892.092,-513.341,42659.3,-136.395,876.338,1691.28,-190.442,5144.16,369.258,17571
1.61778e+06,362488,-2235.5,582.28,-92.0788,2748.17,7147.66,7509.93,528.72,-211.615,36695,5235.41,-616.715,931.046,144.938,624.615,1307.82,14881.8
1.80109e+06,1.33916e+06,-872.873,-3102.97,1552.34,2260.11,35593.2,1000.43,19256.3,-339.736,41144.5,147673,12304.5,640.902,608.527,-1612.33,4823,35147.8
1.46899e+06,364813,-2432.71,39.4872,-555.001,812.639,22645.3,3332.61,5943.16,-85.7864,62353.1,-162.857,628.089,1642.38,-64.6581,5958.34,1721.7,18265.1
1.49226e+06,845449,-814.775,1353.22,-8.23373,3582.51,18574.2,4398.23,478.63,2885.78,43205.5,483.462,180.571,-1876.78,-549.715,-166.499,1554.09,23315.4
1.43047e+06,641210,-861.323,23477,-314.318,24040.7,12767.6,7275.61,10150.6,234.89,253.511,24993.2,2691.14,384.405,-198.633,639.964,1518.74,1176.39
1.67668e+06,477940,-1451.24,772.758,-420.834,4989.44,10087.7,-486.454,3811.4,-460.519,32151.8,29289.7,2320.89,278.092,4392.41,-1948.47,3747.8,849.704
1.50348e+06,655084,-2312.2,11133.2,148.166,21965,8321.28,178.431,3412.78,-78.8558,-349.486,11355.7,-829.969,-1366.54,-24.2563,-635.314,1021.85,2216.73
1.75374e+06,408912,-1796.76,-390.706,-90.8755,2202.85,9616.05,155.781,4721.14,-397.415,39465.6,28741.8,-1110.07,-557.039,1093.74,-1380.43,2045.49,8949.94
1.69107e+06,359916,-1415.12,527.91,-271.507,414.518,5427.32,36770.1,8807.49,25251.2,64503.1,398.566,-287.209,2110.88,171.075,158.965,1767.37,3449.93
1.9798e+06,690005,-857.422,348.958,152.614,8348.43,8114.7,-502.687,14056,16580.3,40389.2,32789.5,27.3435,953.529,195.1,-586.412,2050.15,6085.77
1.45414e+06,576149,360.365,25857.5,-1096.92,45505.3,10417.5,14603.5,4311.2,-747.805,394.037,3593.5,-1345.05,-656.425,122.833,785.124,2399.3,367.491
1.45815e+06,605974,-3014.32,-167.087,597.182,12444,14407.8,15885,18839.4,-227.276,-3.31933,-84.1812,-415.487,-143.564,-81.8269,8169.26,1834.16,13948.9
1.38068e+06,366377,-29.5435,18235.4,-390.654,16377.7,9147.58,7196.69,22977.5,-373.496,-308.33,-437.199,2050.06,1262.67,-478.17,-318.602,1283.92,573.536
1.74804e+06,610716,-4003.03,5995.36,314.937,1216.8,39254,4976,4910.63,-197.435,84570.8,100.503,21026.1,-994.348,-1312.47,26268.3,5130.37,37505.5
1.39823e+06,635582,-635.558,12093.1,221.787,224.761,9642.08,172.955,-269.678,-167.182,6394.85,6704.95,-265.782,-719.166,-111.68,-1377.42,1626.32,7838.17
1.49833e+06,423335,-2492.68,2800.91,-205.136,3005.86,25049.3,3041.67,9552.71,-530.759,42663.4,-791.227,2565.45,-573.042,188.164,12804.4,2526.85,11104.4
1.37218e+06,356952,-2370.4,25.4528,-673.491,1954.57,10905.5,9501.18,6189.22,1507.62,3418.11,11412.2,-125.551,363.763,-20.6077,49.5266,1063.62,4611.07
1.53992e+06,478371,-1888.65,1492.03,-22.2897,6011.91,15749.7,14425.9,18191.2,-145.324,23746.7,12535.7,1056.84,903.001,14.2049,-853.099,832.451,8232.95
1.38031e+06,464261,-1273.29,998.032,-2.1281,-1689.52,9587.68,1986.92,-67.1228,-1276.67,23553.1,231.528,-1138.41,-84.3957,-446.886,2459.87,670.068,2223.95
1.93841e+06,608974,-1897.47,330.139,984.99,-1420.11,13829.9,59674.4,2583.65,14116.3,3145.03,19866.7,-385.258,-1812.72,233.024,-370.173,-69.7187,7468.91
1.48771e+06,324928,-2452.65,416.265,-344.041,-29.0394,6243.69,2420.47,-1006.87,-678.864,10451.4,17572,-673.646,596.675,1834.49,-767.018,6.82739,6176.21
1.36997e+06,446941,-3394.2,347.428,339.944,98.5037,16708,14790.7,1616.46,588.604,40916.3,22110,2369.11,632.081,-506.351,43232.4,1621.97,13764.3
1.7631e+06,803159,1892.12,5.91626,-660.791,4585.24,13747.6,3918.57,3827.42,1077.38,21464,38882.9,1089.7,1308.59,275.773,758.125,2162.86,3154.11
1.75965e+06,420798,-2751.76,202.398,-243.384,888.853,12547.1,14918.7,822.553,263.01,349.789,7053.8,1935.63,616.357,-374.71,3841.51,65.2396,12903.7
1.66291e+06,487829,-665.785,1698.54,-119.731,559.128,6045.02,18825.4,-151.589,41.6337,-142.964,-116.466,16.0088,1000.4,321.413,1115.59,1671.12,7364.94
1.55588e+06,578096,-1259.25,2465.53,-633.466,652.115,10875.9,-255.006,496.848,-547.91,17501.9,-700.901,281.703,400.503,3369.89,-938.734,6245.47,1457.81
1.39009e+06,355003,-1685.1,82175.3,509.335,5772.99,5785.38,71775.3,-1221.46,-378.35,1310.45,702.954,2772.6,1238.7,-550.849,-1560.12,-2379.73,401.897
1.66314e+06,753378,-1333.55,-67.9041,-782.846,4342.98,19861.7,11731,44092.4,229.971,109241,15033.3,-1362.84,192.056,331.796,1549.36,504.925,10186.9
1.32236e+06,391226,-874.501,1296.89,-514.139,2419.12,210.243,3547.94,-605.692,-858.829,8063.38,-263.075,-1052.62,1632.93,495.619,-229.877,6619.15,8421.77
1.24173e+06,255800,-10.2027,13112.5,265.178,14512.9,4609.23,42269.2,998.938,318.078,118.911,-251.593,-674.387,-1375.83,-65.5633,-799.383,-680.669,689.123
1.63438e+06,387892,-2470.48,-800.585,-392.439,-215.657,20995.7,384.447,27024.4,118.878,7587.81,37232.5,44.7331,-935.807,572.219,1911.35,898.293,6983.35
1.3523e+06,248851,-960.419,127965,272.968,4484.94,5452.31,2265.7,2590.74,163.602,106.081,827.721,2874.6,410.19,-820.745,-352.183,1059.24,924.929
1.40117e+06,469348,-895.406,6072.08,-130.444,6011.15,9260.95,14305.9,2337.36,-187.988,464.03,25128,950.709,431.903,408.048,1151.39,1658.17,2529.12
1.64992e+06,753735,5.86947,525.075,-526.461,5249.87,12077.3,8290.42,34658.2,-232.455,796.715,637.581,327.235,533.166,754.899,801.833,5634.86,3953.92
1.34091e+06,289883,-206.023,11078.6,91.1377,16390.4,7011.75,17099.6,319.125,-370.279,-987.185,-737.124,1221.59,-1476.59,-493.778,-1225.2,129.033,250.094
1.29034e+06,645141,-2944.76,386.415,-740.958,-592.55,18332.8,6254.94,8127.29,-232.702,54636.2,698.427,853.348,846.386,-188.085,1955.5,2811.02,28530.3
1.7576e+06,662428,763.057,3734.32,-1154.1,12148.8,13039.5,3015.07,3044.36,10484.5,7947.26,198.356,850.93,-323.834,686.66,-365.069,2842.64,5982.5
1.56636e+06,522959,-3372.26,-459.089,-250.197,344.525,11806.4,6664.05,8090.11,-89.8643,58539.5,40101.5,-1526.73,-147.259,-165.121,-9.97168,1855.81,18993.7
1.39313e+06,772843,-3097.76,649.315,-1147.56,3475.58,21135.1,1163.43,13839.7,700.042,30773.2,688.817,250.678,-115.168,576.416,-1251.42,1885,12783
1.6467e+06,693082,-1323.86,2504.04,80.1651,1536.21,10438.4,10675.2,2044.36,-1238.54,40672.6,538.569,-713.929,-1033.11,-561.763,-194.758,2465.85,23831
1.46776e+06,607239,-4531.24,2625.78,-524.396,8568.74,19128,12017.4,36381.1,1149.15,60192.5,4965.03,-892.286,719.955,-321.485,-661.928,3186.4,8225.63
1.60112e+06,626953,-3429.61,205.6,-367.548,4866.47,19510.5,15884.6,4845.07,8649.55,100094,17178.9,-1578.19,2795.02,-367.311,130.65,941.362,12612.1
1.37036e+06,269697,-1348,73487.7,509.377,8692.65,8482.92,165312,373.315,427.6,871.167,89.5344,3539.41,-297.665,-45.2437,-1010.65,-1832.32,756.935
1.42724e+06,559778,-1672.39,585.902,139.74,636.241,13037.6,617.181,33549.7,3946.04,3140.47,80.3481,1639.95,-1624.62,173.943,337.171,1757.71,12401
1.30349e+06,386210,-45.1303,1744.5,-768.316,9168.33,7501.24,9644.46,11566.7,-153.914,445.397,892.005,156.628,-627.138,434.528,524.821,65.9674,5517.8
1.37074e+06,388657,-2719.29,1786.09,-131.928,1474.65,15845.9,7427.17,16846.7,-532.177,31136.7,15.2158,-167.12,911.78,-225.745,301.938,1592.18,12620.1
1.86205e+06,418780,-2690.47,1925.99,-1247.64,4113.79,17844.6,7496.35,34803.5,-811.845,93076.3,12225.2,7369.43,-72.3976,53.5901,588.537,284.409,19272.6
1.7798e+06,424810,-2991.88,751.29,-433.565,1121.21,14276.6,8834.03,5778.36,-841.442,47547.6,6619.87,762.658,886.613,-179.629,-991.478,980.318,10218.4
1.41417e+06,312996,-2191.36,10759.6,-238.003,16129,6893.82,9848.98,369.858,636.006,-419.925,642.033,276.945,-1562.86,-203.616,-1045.75,1182.89,8199.48
1.79937e+06,375903,-2897,1186.15,-535.219,398.77,10949.7,-114.719,-77.5325,-643.91,-1106.76,1156.63,1529.07,-1150.18,-480.668,12090.8,2677.22,7846.32
1.9395e+06,547483,-514.704,1388.97,-647.397,893.487,9811.42,69.6622,380.057,-1140.26,17978,21514.8,-41.4525,584.669,844.451,-2033.62,1401.9,1315.89
1.40541e+06,419096,-2350.71,3687.17,-217.091,1459.42,14311.2,14213.9,-589.056,114.918,50636.9,18337,41235.1,-1607.95,-445.844,13586.6,786.172,50225.6
1.42804e+06,505162,-2972.17,723.804,221.102,-134.465,18879.9,1603.9,23046.7,-625.951,21192.6,199.297,17044,-131.71,379.904,-946.146,1707.25,7582.08
1.35149e+06,327004,-1343.83,19821.9,403.25,25429.1,4875.71,119515,578.19,-948.857,2521.19,-325.982,1109.68,90.2455,-744.893,-379.064,-3311.36,1090.95
1.36689e+06,395877,-164.828,-205.977,-747.4,208.502,6726.27,1805.64,1828.26,246.37,3568.11,19043.1,435.915,105.161,214.229,397.442,2060.05,10398.9
1.61327e+06,434931,-1960.94,1246.05,295.058,935.031,11997.3,9278.24,9225.48,-592.213,32187.5,5313.47,-647.584,1075.78,-318.99,263.198,891.746,11430.7
1.73504e+06,764328,217.147,24161.2,-1564.18,28725.5,20667.7,1327.33,32182.6,29470.1,557.596,552.131,1227.5,170.775,841.152,-1295.36,4067.74,1703.11
1.27838e+06,238824,-1529.34,12916.3,-400.773,4588.3,5870.74,72372.5,568.301,-167.927,408.983,2380.77,-766.405,-1038.67,352.295,150.104,-155.1,-29.0655
1.35693e+06,533905,-677.538,1502.28,154.329,-146.199,18520.5,4149.4,1804.07,1018.41,28053.9,-617.452,1428.74,-122.324,187.373,1271.07,2517.58,19710.5
1.63607e+06,673690,-1887.39,-847.166,-2193.85,13363.5,29785,14301.8,3361.35,-294.831,37326.1,499.202,2328.83,-107.524,-81.1218,3033.85,1289.17,10523.7
1.89153e+06,714289,-2910.29,16956,-346.506,40934.7,27697.1,11757.1,15994.4,-607.475,3153.91,21359.5,1650.81,-381.587,212.628,8375.47,1610.18,3276.66
1.34133e+06,585172,-2597.01,-768.778,-229.79,-753.018,11361.4,13890.4,2365.62,-722.988,26930.3,26037.3,2259.13,-293.816,-301.259,18975.6,293.591,6708.43
1.71258e+06,351311,-1457.07,-54.3165,-94.0137,298.297,8999.05,1454.49,2836.38,-737.986,25606.1,1692.12,1869.32,490.026,50.6963,-99.251,775.464,30038.1
1.41014e+06,347354,-1255.05,2299.17,644.085,979.766,3569.61,4626.58,695.332,1166.03,11702.5,-36.8051,859.674,71.3232,-535.434,616.854,260.633,2972.45
1.84198e+06,508840,-691.448,14278.8,-1208.21,28687,9838.8,992.828,26003.7,11801,-43.5281,336.112,55206,-715.04,240.964,1302.4,7270.71,2601.8
1.75422e+06,755568,-291.301,765.731,90.5626,13013.9,14968.4,-99.3048,462.017,48294.8,95801.8,1546.23,21131.2,-2104.6,-128.926,1117.83,4346.34,10162.6
1.6641e+06,704623,-3100.87,-1800.7,-836.118,103.955,35283.3,1593.94,13032.9,-950.47,69211,66984.8,-1351.92,-2146.74,525.613,16664.8,1364.57,19161.9
1.31357e+06,347224,195.331,12748.9,525.459,34228,6541.12,38048,1303.56,-473.493,1122.21,334.782,1528.93,-1129.76,234.922,-1292.8,33.8232,234.738
1.36743e+06,308083,-2474.36,24408.9,-801.661,18147.7,10875.4,7918.05,1653.73,-588.329,244.621,14790.4,1639.93,-1170.68,-209.19,-1232.48,1570.66,1011.99
1.53581e+06,666122,-878.814,665.245,-133.377,8557.17,19543.7,903.978,51631.6,67254.4,801.567,844.773,1121.79,-786.458,438.439,-983.85,2983.37,9000.67
2.05726e+06,433995,-721.524,-1296.22,-1903.84,1035.1,21953,7428.27,828.818,-774.207,54623.2,-925.997,-418.169,-439.647,320.611,1887.08,2907.2,24494.8
1.52991e+06,688960,-1512.53,552.533,-456.927,-862.339,18588,28705.4,4359.62,159.16,15773.8,21350.8,4321.57,-776.469,453.468,31983.4,1917.73,20514.2
1.84415e+06,442005,-748.869,379.133,-887.693,1825.91,9584.06,20863.2,15355.8,10110.1,475.187,3608.58,2030.07,1241.05,92.6235,630.471,1020.56,1500.35
1.5416e+06,925284,-1127.16,2137.77,-630.648,6961.92,23505.1,28959.5,22100.7,29.2153,24367.9,18402.2,-118.525,1471.53,-16.1056,1880.34,1962.53,14393.4
1.4917e+06,625398,-1671.53,-128.05,-23.0067,1371.32,14249.9,1567.84,411.956,-137.819,23489.8,623.823,419.343,1990.77,-270.655,193.905,1549.17,16019.8
1.41935e+06,326592,-765.411,-1419.01,-773.724,-243.391,4349.04,-42.4082,438.292,-436.687,5577.13,5311.06,1999.65,237.109,497.588,490.654,7198.18,998.453
1.71005e+06,1.59482e+06,-3993.37,4266.26,420.652,6758.35,17434.4,493.59,577.959,-818.446,19791.8,52542.3,-672.293,-1875.93,486.114,-56.9785,1275.73,4416.62
1.73937e+06,466862,-1712.15,1722.31,163.093,948.502,6140.1,3173.06,7133.72,14696,55544.1,15214.8,1196.65,-3119.39,795.691,553.859,753.881,10194.5
1.31664e+06,344953,-1099.08,104.787,-640.208,4429.02,7318.85,3204.08,11569.2,93.8986,6388.44,6868.35,322.268,65.6237,-84.4137,267.337,1174.02,4948.26
1.52943e+06,376054,-2153.23,155.113,-482.704,-244.122,8432.54,1385.53,16580.3,810.801,28386.5,4423.67,300.966,-1926.75,-43.9535,2764.29,2142.83,6692.63
1.30071e+06,282866,-1937.99,278.969,-1215.38,-1419.93,5327.02,14927.9,6798.7,175.684,18029.6,12053.2,73.0305,422.721,-94.2465,6534.89,2620.21,5205.44
1.41895e+06,319120,-3845.08,2232.94,-134.811,-177.109,11874.4,6146.46,11018.6,925.301,21552.3,-627.978,297.245,41.5717,-975.793,-806.864,1318.77,1189.73
1.46266e+06,829402,-1225.57,1234.61,-980.88,13125,23900.5,19958.4,8229.52,-332.402,18928.5,21742.7,1284.94,-170.278,-193.127,-852.779,12949.7,6887.08
1.5016e+06,555324,-1081.92,975.638,-953.381,1197.1,10200.5,1854.13,6319.95,-53.8863,25319.5,24732.6,799.329,653.049,-289.351,-183.302,1239.53,16629.5
1.31888e+06,352304,-853.494,16685.6,137.256,20066.1,7427.51,41528.4,1364.63,-505.336,771.196,-417.25,2868.71,814.495,-764.917,238.661,-24.4786,434.24
1.64852e+06,543713,-1981.91,692.51,-28.8784,2671.39,10170,14294.5,2199.54,-66.2647,565.553,30.9122,1127.96,-227.709,-6.79613,-894.715,1071.5,11832.5
1.43324e+06,335775,-1665.43,5602.26,-950.333,1847.94,10381.5,40884.5,1284.01,-572.623,1222.41,7444.85,1212.98,-617.787,813.497,206.003,1815.18,3536.09
1.21332e+06,540608,-1183.95,5.28416,-952.581,35.2496,9418.75,2390.7,14492.4,198.824,19731.7,6532.35,317.203,295.438,-242.857,-1334,326.104,18169.9
1.37387e+06,512697,-1146.66,3073.25,-1277.13,2856.96,16862,5591.07,6063.81,-547.494,1515.69,40107.5,747.112,-75.8434,153.801,-961.494,4941.82,3508.33
1.38091e+06,481810,-2100.64,2587.38,-1474.68,2367.95,17046.6,1092.8,21731.7,3964.09,687.025,26169.6,1419.68,144.132,454.274,550.271,1556.27,4604.16
1.6614e+06,418901,-2803.39,1234.01,-464.178,1016.66,12228.5,7546.81,34006.5,-289.551,21889.4,31249.7,1164.63,-313.76,-283.027,-1723.99,604.656,16366.5
1.33948e+06,260939,-2521.64,325.583,-565.392,316.886,8431.77,477.379,13588.7,49.1194,22609.2,12899.5,7234.43,-790.594,-64.9935,-334.841,1216.89,8062.49
1.81146e+06,495191,-1050.81,11721.8,-332.062,12888.7,6534.58,4210.73,3790.24,-795.965,73.7718,294.85,1764.5,-2302.73,461.743,-349.075,1790.99,884.749
1.70303e+06,400718,-2749.65,242.964,-428.984,1833.99,11302.5,8298.62,18743.3,-71.2548,31213.2,6192.78,689.258,51.1403,-195.676,86.5791,663.349,11354.6
1.84514e+06,440539,828.757,43055.5,-63.1847,20506.7,10392.5,20570.9,9045.88,92.2123,-67.8909,8244.33,-1237.49,-1651.89,-590.177,-1193.22,2101.92,383.428
1.28264e+06,549662,-1213.88,6882.59,-546.87,22538.9,17693.7,17810.4,4666.69,-1355.88,18750.3,558.81,154.712,-347.138,67.2099,85.9326,875.579,6847.1
1.7254e+06,676837,945.804,870.395,-288.188,10479.6,10122.2,8388.58,611.144,-628.951,1298.9,346.776,727.091,0.826569,482.362,143.938,5189.48,5781.54
1.67748e+06,687490,-2544.38,182.271,5789.92,4606.77,12382.7,216.373,531.897,-155.842,15682.8,30071.1,72.6447,-625.291,1490.85,-490.169,1528.27,2383.12
1.93148e+06,375170,-2217.81,-482.02,-227.151,2801.7,21390,4830.53,1046.98,-642.709,68220.8,-3.76636,-1141.37,1046.36,-842.871,3217.52,3011.46,22218.4
2.07078e+06,791164,3457.35,4595.1,-1070.92,10257.2,18430.1,54.3786,20170,-475.827,41158.7,-530.147,192007,75.7922,484.724,3826.83,10175.1,6311.3
1.5398e+06,748298,-1764.32,3430.29,-540.298,2158.13,23441.1,-232.642,-258.827,-1603.05,16584.8,37349,-353.571,-4050.82,7875.94,-611.891,1746.62,2946.25
1.67822e+06,340045,-969.408,354.273,2650.56,-94.9868,5234.78,16722,1986.44,-236.314,20205.6,837.901,-523.323,5183.07,243.33,-1140.89,-22.7677,2785.49
1.64063e+06,410644,-1465.67,1929.4,-26.5863,501.801,11869.3,8012.22,2334.21,-299.645,9858.45,10270.1,-972.351,337.135,-325.397,12471.8,3858.03,10201.1
1.59493e+06,465697,-1613.49,3081.84,-834.369,2459.19,12405.1,4293.81,1983.28,-364.26,862.596,20210,-177.411,51.3653,162.714,-171.437,719.507,13715.1
2.00521e+06,793204,-164.831,2666.93,43.7762,11422.7,23753.7,6053.04,47822,24860.7,1794.87,5670.79,76797.8,-193.917,683.797,546.293,4304.99,7091.26
1.2715e+06,941489,-2157.71,-348.668,-1340.83,4886.92,26536.9,14393.5,4231.64,71305.8,27461.2,10598.7,1494.38,-939.375,102.091,-783.969,2097.66,11382.7
1.46958e+06,481322,-2025.87,11514.8,341.643,28472.1,11394,176044,3014.11,-412.132,507.41,38.9899,1188.62,-718.621,-257.21,-1.1582,-705.894,20.4138
1.3374e+06,306259,-4.89352,10915.3,-707.034,3845.42,5713.32,4257.11,-353.645,-1284.84,1125.62,6593.39,2086.02,1053,-793.798,-514.876,1519.76,3241.59
1.81186e+06,779538,-3227.02,376.447,-405.906,803.983,11672.4,7064.9,-196.374,-1212.71,16979.9,57599.3,-89.7122,1198.92,5156.86,675.441,1786.28,17858
1.37328e+06,385214,-2335.03,-50.5315,-242.546,-1832.16,10405.9,39577.1,2404.72,228.893,52085.4,18498.4,-568.088,2290.85,-329.439,3072.15,-1305.59,3209
1.97419e+06,477823,38.827,323.602,331.654,-860.123,5931.69,3909.46,525.127,4314.89,14355.2,176.985,-648.304,350.912,816.589,-1301.48,1801.56,23707.9
1.51723e+06,445000,-1442.34,303.803,-1012.07,2588.27,13582.8,8120.22,2572.9,289.502,-953.084,58027.5,840.19,-1271.41,-459.787,-1601.13,343.792,13110.8
1.72635e+06,506034,-1982.73,394.06,-83.1332,44.1842,7604.96,762.189,2491.85,-50.7479,66084.9,13386.4,1258.96,116.064,-197.759,-1182.07,2811.46,21962.9
1.35667e+06,628825,-207.326,11269.6,-831.154,11652.5,24077.3,256.48,18044.8,-12.5757,2737.99,7171.9,2204.54,255.427,572.999,-2038.83,600.352,638.546
1.97744e+06,393700,-2169.93,1747.4,-321.181,2559.9,10562.7,8465.92,13638.6,-615.858,54821.2,701.056,-1250.63,-892.186,-194.793,3185.32,1152.73,7647.04
1.65454e+06,500156,-1224.6,752.63,-6.77597,-179.993,4269.89,150.709,-302.822,-83.1595,14306.5,12698.8,485.011,620.275,625.601,-569.589,383.86,5448.64
1.85415e+06,602534,-1861.78,2032.52,473.708,6071.51,11741.4,8710.56,-413.873,127.46,11211.1,29719.2,141.364,-763.661,-205.26,4255.77,3.75916,7599.34
1.44459e+06,407351,-338.822,-285.503,138.166,16284.5,10411.9,22235.6,377.847,287.853,556.6,7810.29,2264.22,-148.211,-35.1224,3020.4,587.707,34154.3
1.81806e+06,452842,-2232.68,1207.84,-351.709,1920.6,7389.05,1420.87,48045.1,1907.43,24784.7,22718,406.754,750.264,57.6334,-329.648,164.688,13490.4
1.51618e+06,349435,-2601.72,203.342,-499.641,814.302,7218.32,-337.609,8348.98,-427.979,14170.4,6167.45,2605.82,1063.74,-668.812,633.341,2181.05,8999.14
1.73209e+06,416932,-1236.81,1348.67,-778.486,850.66,11088.2,12961.9,25385.9,-251.151,15266.5,-803.583,-37.0766,14.7287,-158.708,5956.12,2127.69,14130.6
1.23032e+06,491809,-1859.08,-287.55,-738.521,-490.685,11259.8,37732.4,7549.26,-271.472,24563.8,7756.53,785.215,4518.32,49.7621,-1436.85,485.352,4443.72
1.59968e+06,582494,-1915.67,454.391,-855.442,1630.97,22763.6,1113.06,3229.38,-894.174,51177.8,446.662,-578.317,-1021.66,-85.1523,1353.49,1830.79,6101.09
1.39679e+06,381983,-1560.58,685.197,-132.922,2198.08,6107.67,2125.72,20487.6,-271.825,13483.9,3873.97,977.681,1133.01,-500.694,-22.2056,1477.76,14330.4
1.69873e+06,633838,-824.116,4589.38,-837.922,6988.44,13137.7,6674.13,1717.71,443.833,1991.8,31804.5,1106.8,-157.97,-246.103,-1686.46,9561.13,3574.82
1.33326e+06,530555,-2959.28,18391.8,171.522,15667.1,18087.5,7610.56,364.104,-209.146,47.7218,65368.4,418.088,-956.394,-274.665,-2122.18,416.829,2106.28
1.51568e+06,790958,-682.261,60.8319,26.9658,10922.1,20428.6,3879.75,17291.5,-673.455,7083.17,-367.685,728.639,-62.1166,251.358,1320.53,8738.09,16157.5
1.42028e+06,497789,-252.552,46818.1,-360.06,5629.42,9773.88,15712.8,-337.781,-569.08,-590.157,198.406,792.421,891.47,1209.33,300.771,1252.14,328.328
1.5608e+06,883538,-361.734,4551.05,-102.105,32293.5,26217.9,6135.06,30183.4,1278.15,2711.97,-1256.09,857.641,-779.66,538.683,5007.32,4488.48,9606.48
1.66557e+06,465726,-3304.01,819.847,386.037,363.094,13030.6,3326.51,3570.21,2581.63,59896.2,46132.7,-1217.2,819.509,-687.823,-545.377,-706.068,20363.2
1.32977e+06,563455,-2037.16,3732.68,-802.428,16137.8,16975.3,513.452,31583.3,-708.376,27031.5,11765.3,-691.525,1387,-236.436,353.089,4187.84,3209.12
1.95718e+06,869076,-3302.27,11924.2,94.6133,8799.77,32076.8,152118,553.323,-669.974,7917.57,-515.918,1525.31,-962.373,-328.314,-167.432,1409.1,6170.96
1.43002e+06,730599,-3525.21,1035.5,48.5366,-356.299,30771.7,901.326,6071.44,-83.1614,76609,85340.2,2956.11,-1140.92,-290.259,13454.2,1093.88,13347.8
1.96511e+06,905866,-5936.27,17661.4,119.888,7896.63,24851.9,9388.12,1185.55,-303.939,4685.91,58717.1,-106.294,-1834.45,-938.129,1102.33,2529.02,7612.44
1.55471e+06,601512,-1643.03,17377.8,-1010.81,49749.9,11352.1,249.438,-543.87,-180.088,17201.7,16880.2,-198.177,-760.617,-128.484,-816.846,4475.23,851.394
1.70116e+06,529588,-3050.72,745.014,-252.915,-695.836,10280.8,27615.2,-185.213,5205.57,38614.3,12694.3,-498.494,3937.89,559.384,18390.9,57.3805,4672.37
1.55529e+06,717552,-673.936,2260.16,-666.378,8484.72,13707.5,5323.88,822.776,298.04,519.002,45653.6,55422.6,-684.087,67.499,-896.187,5861.44,5867.51
1.66545e+06,508060,-754.866,542.486,-552.791,645.229,13423.5,16347.1,14858.3,-581.552,36598.2,8273.68,-1036.51,-351.233,-94.7062,225.336,3979.71,10235.1
1.42172e+06,470309,-798.45,8169.18,-652.403,2175.1,13074.7,2874.14,617.888,-499.958,179.504,9655.04,511.027,291.469,125.648,-884.117,2069.01,1551.18
1.54932e+06,758034,-3275.94,-42.3545,-465.008,1913.54,19651.2,22340.3,1327.63,-201.122,22586.1,11639.3,142.562,976.526,-571.621,-1454.69,2219.85,19450.4
1.56351e+06,479009,-2125.38,482.667,-162.362,585.387,16585.4,2219.22,6026.45,-1151.51,50766.7,2826.54,141.606,937.725,-430.951,1718.3,2098.96,10626.5
1.68127e+06,386500,-2460.99,1135.2,366.022,3341.44,7860.89,13533,12517.2,54.4004,555.242,8158.26,2362.39,694.497,-258.254,874.601,1098.1,16841.9
1.56631e+06,599574,61.588,-104.102,-218.813,1480.49,13415.5,597.69,1929.01,-390.507,13018.1,343.739,693.764,2356.82,3504.22,-1067.79,1252.88,784.155
1.99326e+06,271918,-691.605,899.695,-324.71,-1721.24,5997.96,15946.6,3407.9,-423.379,2687.15,317.305,586.692,307.77,-89.686,1097.22,979.857,2196.53
1.48178e+06,476810,-2432.07,613.317,362.402,4503.21,28663.3,6617.76,301.703,-376.835,91381.8,786.523,3352.58,1192.7,-611.007,-1314.32,1517.9,13286
1.54797e+06,578837,-3124.23,922.624,-263.74,-313.226,12002.3,2733.04,1479.28,-533.97,3885.25,32676.5,-199.865,-1707.37,3410.6,262.713,1094.16,4553.64
1.83864e+06,340664,-2531,71.5674,-418.501,3377.19,14784.1,4677.73,1673.32,-602.165,75118.1,30052.4,1606.62,1982.69,-578.196,-610.44,251.237,9582.84
1.31566e+06,570791,-2731.47,389.299,378.104,653.284,13480.4,13103.3,487.645,200.415,68169.9,-543.313,-48.8937,-1953.93,-251.436,149.335,1682.19,18009.4
1.90036e+06,596873,-576.394,545.476,-522.878,1794.44,11206.4,22525.9,6518.68,-270.316,15761.3,350.339,989.055,1073.03,269.366,17066,1617.42,16857.6
1.86806e+06,719826,-3999.11,864.55,840.587,540.925,22323.6,14559.6,53444.2,-1032.09,56975.5,60909.1,1788.22,-2160.9,172.065,1743.54,3463.91,43312.5
1.59509e+06,420473,272.185,-1630.24,-261.668,-166.617,8375.32,3130.6,-409.343,9397.15,34135,-64.6511,1675.12,1563.69,-278.193,-926.356,1036.1,3721.59
1.56574e+06,593614,-1435.95,11676.9,-736.077,11146.5,17092.5,3098.04,4555.54,-346.149,-1828.74,492.799,47258.6,-1693.45,-541.821,-534.069,5533.26,2748.03
1.46121e+06,600187,-2682.37,2245.52,400.484,430.505,15995.4,1646.86,7385.93,269.326,63503.1,11607.3,155.994,491.401,-295.824,1037.12,2911.54,13658.3
1.71706e+06,401045,-2542.16,1451.51,-544.134,-1601.12,13985.7,21125.5,874.932,-212.577,13634.8,7306.22,1651.54,1865.58,-257.926,277.67,1686.18,75347
1.35488e+06,837810,-4171.18,12380.4,154.5,1187.48,22942.7,11261.7,5209.98,238.037,42104.2,62816,798.871,1973.53,498.032,1478.19,1301.36,1681.22
1.29488e+06,413391,-2746.01,337.893,-1175.75,173.625,13416.6,8470.92,3255.44,947.922,57901.8,12606.6,1251.76,2197.23,-334.047,-1282.75,1629.66,1392.85
1.71255e+06,565695,-4051.05,835.928,-504.053,1506.09,15384.4,17997.4,18161.2,-472.601,29777.6,-180.205,406.695,474.877,-360.604,3133.55,1151.35,18257.7
1.7124e+06,373428,-2545.76,18788.2,31.1543,5547.95,9596.17,413.721,1239.41,1692.53,-156.38,522.95,1168.1,-810.571,-442.13,3565.96,2200.05,396.978
1.47539e+06,482735,-2719.35,1287.08,555.42,3847.97,12879.6,5749.12,6486.49,95503,31217.7,660.156,-976.365,-150.688,-490.276,-664.201,856.836,7226.81
1.54118e+06,401281,-2218.62,1476.95,102.486,364.953,8110.55,-466.59,830.35,-23.5431,19094.4,65.9299,-511.133,805.364,137.341,318.209,2329.39,7642.2
1.23747e+06,576617,-2507.98,-816.243,-1261.62,-257.554,26231.8,5270.69,1916.98,-433.031,62838.6,1258.35,4236.35,249.842,13.0524,29968.8,2027.76,12144.2
1.28661e+06,302042,93.4177,13889.6,-278.193,3134.42,6226.92,80494.2,649.449,-490.476,1247.52,131.574,-7.88037,-492.808,492.739,-487.023,-295.534,357.409
1.7375e+06,425115,-2127.65,-166.621,237.001,-451.793,6124.04,-1126.91,1243.77,-70.8542,29098.6,49458.3,154.168,-464.631,-190.886,889.97,874.92,6455.87
1.53449e+06,528441,-2847.94,-663.42,-659.394,298.455,13227,5753.76,3874.27,-528.055,17211.1,35780.8,828.242,1148.93,-172.48,14139.4,1517.97,14319.3
1.49616e+06,396917,-2377.43,17749.9,-311.754,1352.6,11690.6,27308.1,1095.47,-840.287,1270.58,-649.768,1843.02,144.926,635.757,-107.154,-571.488,7787.23
1.50286e+06,433718,-3050.65,215.037,-1352.9,-309.471,15846.1,4542.91,24282.5,-312.119,49310.5,20898.5,472.639,9.59094,-495.766,9071.9,2843.32,17687.3
1.8737e+06,618744,-2711.02,2888.83,426.538,3316.9,15483.5,804.223,24711.8,-1197.59,77756.6,394.006,3211.02,598.648,-977.493,-1001.37,2039.93,7998.16
1.8269e+06,528996,1667.51,2042.63,-930.894,4962.54,1111.37,14524.8,4953.6,35115.9,36585.7,827.996,3171.17,3125.35,184.552,2043,4774.29,14165.1
1.61581e+06,775001,394.452,3913.66,-880.101,12069.4,8813.94,980.609,302.718,420.543,5351.56,5458.83,96.4936,128.326,282.255,-275.932,4413.81,1468.19
1.59981e+06,687786,-3252.37,827.856,-19.6579,1958.93,17276.3,45070.6,7533.07,-501.484,33223.7,627.002,1962.01,-1333.27,3.73559,11005.8,887.893,33846.3
1.35138e+06,522292,-2074.5,9808.97,122.975,2399.18,9746.15,819.623,3189.73,458.19,1653.6,7723.37,898.685,-1235.81,1263.8,828.679,2269.63,1075.79
1.2923e+06,577124,-1048.6,14.5161,496.715,6738.48,8876.92,26290.6,2383.13,248.995,475.066,44.9848,-416.408,-1188.62,302.335,-318.998,1285.23,10181
1.80191e+06,364527,-1874.86,710.339,-218.529,3869.31,23337.8,3989.51,2845.59,-455.411,66416.1,-286.302,4395.85,384.583,226.698,15076.4,1513.22,16044
1.37369e+06,699538,-2029.73,-1328.78,-1026.57,1462.74,15593.6,7648.51,8061.8,-883.658,65341.8,-177.348,2985.38,-439.759,-222.17,1459.18,1305.44,15096.7
1.85674e+06,381569,-1929.45,640.195,-43.8899,2153.31,13202.5,1436.32,4235.99,-664.343,64937.6,515.96,1268.73,650.362,48.9577,-483.958,1990.66,8660.43
1.3235e+06,604330,-27.9579,28246.7,-562.306,15471,12359.5,5768.93,-1495.26,-962.899,1242.32,-409.868,2020.73,-62.8753,284.136,-904.111,871.49,1090.09
1.57312e+06,694839,-4062.59,4923.67,149.484,7291.06,9270.63,1888.04,3086.68,-1258.76,26715.5,219.448,-1560.61,-2383.74,800.599,6265.44,1240.53,4775.74
1.50679e+06,649983,-1520.12,10524.9,-267.048,47413.4,12368.9,8687.12,33956.6,5949.07,2744.02,4837.39,106613,-246.934,570.724,262.521,3082.82,2910.78
2.01969e+06,567630,-479.342,-115.847,-631.033,1875.26,17470.6,3955.58,1368.06,-279.186,77835.2,346.537,63.567,-605.063,-262.303,12826,1423.06,19065
1.53308e+06,325563,-2647.82,1096.93,-258.171,-1677.69,14078.1,26655.2,493.91,-670.015,16373.7,65.1328,2343.01,-2245.27,204.582,5451.82,653.873,45359.7
2.03312e+06,617762,744.79,-177.092,-2222.96,5406.16,13499.9,28.2451,82306.9,-1306.84,13672.3,491.358,54052.3,510.238,600.61,1775.31,8525.06,5550.12
1.27363e+06,308028,-1658.11,93519.6,152.312,9631.75,5808.01,33454.1,-621.573,-145.55,1283.29,-223.019,2637.57,-740.601,-569.323,-1173.29,-168.827,838.586
1.7316e+06,503216,-1908.02,17610.3,290.277,2757.88,14208,12778.8,6450.25,143.156,20224.1,428.606,2242.49,-240.359,185.196,-684.31,1866.03,12636.6
1.69498e+06,368567,-4454.14,3822.26,670.721,17047.1,25123,30049.1,5372.05,-1513.96,7282.69,3982,2864.81,-3099.04,-148.268,24248.8,946.632,17361.7
1.73571e+06,993358,-2973.18,1506.5,2609.45,2082.7,15765.9,3844.09,72765.3,-551.378,65522.2,58998.7,19009.2,299.133,-125.475,759.059,1635.41,39113
2.05134e+06,792302,-4069.83,2666.55,3501.29,-383.897,22543.2,-70.4599,30561.8,-1849.36,105518,160.716,21916.9,-3581.56,-130.481,1070.12,2600.86,50165.3
1.93373e+06,849874,-551.448,1490.14,-957.747,20957.5,26347.2,1869.75,20071.1,2127.71,35303.5,1379.99,396.454,392.743,106.634,804.289,2595.09,5488.97
1.80108e+06,351627,-1556.12,449.902,-998.141,-108.869,15094.4,8702.73,-509.916,-300.631,52727,539.336,1660.85,-1297.08,-23.1591,4202.32,1643.65,19066.4
1.4392e+06,604780,435.347,885.925,-379.261,4949.13,8250.73,19795.7,16479.9,-301.397,2222.08,310.52,2336.75,584.233,132.881,811.901,1059.15,8491.56
1.46154e+06,491558,-1817.79,823.06,-796.937,-884.186,10049.3,6638.71,2809.29,-457.323,27152.6,11913.8,-150.538,2266.71,-476.267,598.057,2464.2,25013.2
1.70405e+06,322890,-2147.74,53.5588,-26.4805,1351.07,7982.99,1126.15,-995.749,-767.839,23705.2,27743.7,1986.57,1207.77,3917.37,-2120.68,808.996,5325.75
1.34507e+06,579531,-414.374,471.288,-1161.17,10524,21128.5,903.692,74.4614,-368.279,17056.3,3213.64,213.203,-289.78,-113.013,799.604,5899.46,6234.16
1.49807e+06,506012,-3186.55,899.668,-566.937,1877.3,18080.1,18500.7,11733.5,-988.016,44156.3,11255.7,-2048.72,-1096.61,-679.164,7034.75,23.42,24883.5
1.54481e+06,276144,471.77,21267.8,556.899,8472.14,8413.73,38343.8,233.547,-495.087,503.712,-359.678,1934.97,-1311.66,777.443,-902.888,-952.567,508.04
1.44918e+06,367949,-889.155,676.448,334.957,91.6183,6900.27,-763.375,680.371,-640.471,16406.3,43573.7,47.3712,1038.88,2780.67,-455.458,1172.49,2358.6
1.72735e+06,573683,-715.697,-439.213,92.7413,6496.35,12258.5,8938.37,45178,-164.808,46894.4,57.9161,2308.68,473.546,-38.0839,1343.18,936.011,10508
1.58675e+06,428738,-1253.37,1916.71,-542.362,-647.343,6983.61,373.352,79.6738,-995.322,-403.071,8496.4,1068.04,-2327.74,1782.38,-179.393,2007.93,1347.21
1.69851e+06,667100,-2445.33,-1113.64,-770.978,612.208,41310.9,2918.35,1704.51,-634.984,77155.5,75426.8,4351.45,701.401,-90.3507,5967.17,2259.6,46712.8
1.54247e+06,515715,-3103.44,1485.62,307.376,-817.934,12937,2736.94,7483.93,502.471,43894.5,16627.6,1537.74,1019.89,590.842,1118.55,1019.15,8600.03
1.35355e+06,623920,380.453,-165.016,7684.97,1781.71,19824.6,-129.656,365.787,-65.0737,55895.2,69915.7,289.17,-1352.3,536.002,-552.082,-353.368,2298.3
1.2581e+06,369375,-1306.88,9092.65,-425.431,218.474,8907.57,-495.194,1852.75,-705.103,1800.26,16434,2395.94,830.532,654.86,1591.87,1246.95,5301.92
1.95863e+06,632097,-1597.8,-123.584,-2062.7,1259.76,30296.2,8261.14,59242.6,-1493.97,70719.4,20238.7,1183.62,1087.29,-287.736,-238.156,2180.86,17373.1
1.50388e+06,590371,1214.36,1110.93,-56.1942,18886.8,4882.48,769.664,650.906,1324.78,7098.92,1598.75,8297.6,-409.975,201.683,-675.262,5842.42,14101.2
1.3242e+06,487145,-2840.61,-983.926,-1589.99,2312.44,25381.4,-538.754,31835.1,-666.065,34729.6,40066.7,-285.448,974.359,-764.315,-253.283,5978.03,7870.68
1.61953e+06,332814,-1364.78,580.51,283.703,-201.424,7687,23340.7,-405.187,278.239,28808.7,341.995,-208.387,494.094,-373.395,2138.45,201.715,2223
1.46804e+06,515686,-1674.96,-466.956,696.38,-177.871,10084.6,-386.717,1408.91,12.1366,23611.2,45348.2,1797.25,25.3114,3688.67,-1911.48,771.763,5265.07
1.39768e+06,441273,-669.207,1342.37,2684.73,1861.19,9216.99,21.6755,669.552,-849.221,18350.6,-912.559,-960.507,797.784,2009.11,8.72461,2422.12,4641.57
1.30638e+06,660860,-2081.77,1076.31,215.242,1405.7,9636.66,269.086,1410.63,-137.83,9704.04,31690.2,-640.721,-72.796,-215.67,-183.659,912.239,1212.7
1.61146e+06,562124,-2149.62,-745.624,-531.166,1117.02,16361.2,17438.8,1020.53,-830.133,29174.5,-398.63,-960.56,935.257,12.156,-896.379,1271.86,17617
1.46914e+06,428917,-1833.32,10835.9,-524.356,15229.9,11734.4,29536.6,14421,-628.274,908.127,4513.92,1291.78,-1160.34,379.061,-722.869,397.481,385.275
1.80604e+06,789592,-2079.13,2123.7,973.631,1072.41,11293,3942.29,59777.8,-644.546,116808,13420.7,1456.42,1827.86,411.984,-194.811,2958.17,14555.7
1.69635e+06,665466,-1936.17,4433.31,116.661,7173.12,6379.71,8759.62,11316.8,-844.307,62097.1,186.314,315.332,715.419,-266.903,614.42,2052.45,4319.74
1.47547e+06,286923,-1293.79,969.616,596.325,1606.42,13443.2,6362.92,-424.531,-279.523,34582.8,978.455,-958.012,-1547.07,-318.628,3870.06,1243.49,3953.02
1.37889e+06,646654,-1376.85,-1256.64,-698.939,2315.25,9020.23,1525.73,-533.613,198.464,40595.4,24280,642.93,1292.64,433.321,-363.188,669.715,5687.36
1.48766e+06,319152,-1376.83,-99.1732,561.715,3340.07,6620.44,455.486,827.25,-133.387,46411.3,9746.37,-957.412,-243.734,-411.35,4140.78,639.93,11481.4
1.47876e+06,595353,-1364.25,978.192,1397.35,-109.372,11907.7,656.305,1555.36,273.658,3472.95,27602.8,276.572,59.0565,-624.295,-291.8,711.352,6164.06
1.6481e+06,680007,65.4943,1970.31,-1559.38,4825.58,16051.4,20854.6,4925.73,6298.38,2500.88,10775.9,1022.66,-385.871,287.172,-287.771,2044.61,4784.58
1.26176e+06,317746,-1406.42,534.756,-215.497,11778,7271.86,16103.1,13.3337,248.14,604.191,-176.393,622.946,-1601.05,-77.6204,140.279,1223.08,17060.4
1.6282e+06,501059,-2478.94,596.752,-653.074,801.013,13799.4,1976.78,4331.54,-71.9838,29417.8,14.5567,-468.056,1860.23,-170.201,193.627,2161.27,12851.5
1.35638e+06,352456,-1092.63,1973.86,-230.093,14737.5,6931.68,12275.2,11704.3,256.518,66.0117,3606.09,-580.302,600.482,-44.6604,-800.612,410.219,1840.33
1.439e+06,476506,-2836.66,264.624,-1257.78,1167.1,28922.5,2553,4104.12,-1138.38,41723.3,515.366,-624.793,938.68,-132.886,3899.37,1128.93,18616.9
1.71771e+06,616664,-2873.18,2062.85,6684.73,-215.519,8312.66,5189.33,16333.5,670.123,47979.1,71585.8,51158.3,-458.448,-339.965,366.188,998.102,21398.2
1.23918e+06,262030,-955.909,2131.74,401.428,-264.297,9499.41,13198.4,-395.087,-157.158,7619.44,462.779,19041.7,-964.893,-351.978,-938.206,330.524,21961.4
1.52779e+06,440227,-2050.25,2028.53,-229.12,988.056,11699.9,9321.49,687.649,-344.817,59443,-950.24,17999.6,2204.72,-339.765,15151.8,1453.48,23669.9
1.51798e+06,553568,-2474.67,95.0098,-621.254,2265.01,22174.9,7851.13,509.867,-327.16,45424.8,644.248,1125.4,2920.78,-246.035,2438.22,3329.14,20957.3
2.16381e+06,637380,-1564.81,4849.09,-354.309,1786.04,5817.75,687.138,78.7399,697.812,40042.5,215.346,-580.372,869.878,-263.062,141.396,2687.06,6280.58
1.56851e+06,362779,-2577.68,376.972,260.534,1295.26,12115.9,11267.9,1896.11,-52.4357,11963.2,42032.3,-1175.25,659.896,-173.318,1811.12,1359.66,17730.7
1.35706e+06,375676,-2880.54,-197.526,-349.465,252.076,13810.9,11713.8,881.816,-260.117,38844.3,65614.6,-225.641,1206.64,-720.34,4650.36,841.436,20080.6
1.57489e+06,394666,-1931.91,26181.1,99.6386,1289.05,208.476,83798.6,3707.27,-310.299,-214.998,-84.6105,1677.27,-1406.64,337.36,-356.354,1664.5,1794.76
2.39039e+06,1.46467e+06,-1816.23,1200.16,-603.251,6145.2,26587.1,-50.6132,4690.5,-1364.49,57943.6,93770,685.908,-556.344,3159.87,-793.361,7425.16,3235.04
1.34696e+06,439754,-1666.16,208.436,489.099,681.796,10383,16146.8,-133.564,-54.6357,42650.1,74.9578,1161.38,243.325,-665.515,1774.4,597.176,13314.6
1.52439e+06,304765,-1238.43,4089.88,26.7117,40.1541,6665.78,39147.1,-263.114,-277.141,1165.49,-283.412,2972.26,1984.53,-372.35,-26.8745,1508.65,4588.74
1.3718e+06,430556,-1633.2,1334.92,56.7839,-1123.78,10489.6,-38.5983,1837.66,456.424,36129.7,5966.56,73.7119,-169.202,4626.47,189.811,1682.51,5107.25
1.53112e+06,734317,-2195.49,9255.49,-403.858,1620.84,11400.2,8828.98,3576.23,-617.456,1751.57,61046.2,811.534,-292.639,6908.1,2555.89,3927.4,1112.57
2.03824e+06,640397,-2188.87,1107.56,-408.124,857.971,21457.5,12352.8,4758.52,-862.898,57653.8,419.128,-1544.36,2061.81,-238.541,1857.96,2426.42,41045.5
1.50364e+06,307630,648.719,38495,-513.113,729.058,3418.81,44873.3,26737.4,-180.562,769.34,132.575,656.837,103.144,20.9663,-307.299,1620.87,2017.14
1.46351e+06,768784,-3893.13,2369.21,334.57,3212.96,9419.08,-235.955,233.174,326.607,61492.8,120447,379.43,796.754,-179.678,3887.43,-1687.91,32048.4
2.0377e+06,498518,79.9015,132.723,251.187,15577.2,8595.19,1323.33,1995.67,680.226,71326.4,11843.1,4830.95,454.474,-504.855,-191.36,-590.377,5517.32
1.38019e+06,581620,-628.911,-196.251,-47.6666,645.763,8715.72,30454.3,3529.66,82.2132,46867.4,8172.66,-995.987,6276.3,118.833,-1304.8,156.895,2823.76
1.2719e+06,655794,2761.43,1904.19,-1676.28,32453.9,23008.7,132.819,32858.7,-663.317,1247.68,5065.91,-465.992,-299.692,-12.1242,-294.781,10838.6,3003.31
1.95276e+06,359501,-952.364,983.675,-14.4563,13268.6,7293.4,4219.97,17475,-304.369,-407.395,1466.68,-252.294,704.901,-189.153,339.937,1632.52,7315.6
1.80262e+06,1.24504e+06,-1409.81,4782.04,468.427,15532.7,35183.6,376.107,44750.6,4789.62,31658.7,200.671,82916.4,-2678.89,72.4333,229.17,4895.79,13550.5
1.69827e+06,754122,-1462.79,1466.91,-1394.93,1550.41,15397,31869.3,-162.736,-1052.92,26453.9,40813.7,-801.756,12230.2,-483.025,27729.1,7853.35,6878.22
1.92843e+06,680300,-2497.19,1503.6,-305.501,-1393.96,22516.2,572.435,420.266,-11.8982,43282.7,3788.16,-44.5592,497.845,141.307,436.479,3035.52,19330.6
1.43415e+06,490553,-1391.49,201.891,-931.665,5741.45,9406.28,6793.77,28324.4,24.3572,25051.8,4170.35,1952.37,-1334.72,219.153,5343.7,815.789,15836.2
1.5016e+06,549602,-1144.44,2673.76,-173.532,13869.7,-267.283,1596.51,6417.15,33455.3,5059.24,999.838,-1819.33,-928.686,-120.619,1092.39,5541.29,497.986
1.55133e+06,711130,-4386.35,1402.42,311.038,229.074,26967.6,18490.3,1923.82,-921.304,69696.9,-327.725,1705.81,1891.85,-375.428,4150.46,2299.59,24766.4
1.73008e+06,599724,-3079.99,20787.4,-226.201,4997.76,11910,460.338,-446.258,-585.59,22753.7,-213.994,867.847,-516.308,-586.434,-289.003,2624.59,9074.83
1.48877e+06,487535,-2253.81,926.873,-618.516,13861,17630.2,8824.38,-158.017,-1380,468.744,12633.5,-969.74,702.999,-164.51,-871.386,1228.82,5340.89
1.33826e+06,665763,-2467.95,1288.9,410.673,3902.3,16929.6,1068.46,99.5744,1570.46,28685,-498.787,-268.647,1192.44,4419.23,520.488,1953.53,9352.09
1.46373e+06,378115,-1600.4,-101.072,-806.834,-390.507,7339.35,21606.4,8000.83,-483.082,3495.94,5131.75,-203.005,4288.69,240.877,880.55,2006.86,1324.55
1.27429e+06,571079,-1966.46,-1090.73,209.547,748.825,16237.3,865.841,1646.42,-859.319,80730.1,54832.7,341.594,65.3326,694.254,1870.32,1698.34,13033.8
1.32089e+06,421379,-2179.06,555.744,173.014,569.412,12423.6,6948.36,10608.6,-43.0673,27441.8,10601.4,409.446,964.295,-336.162,1261.14,520.272,7651.27
1.22082e+06,514367,-3841.2,17116.8,501.486,1019.91,12917,6093.88,1929.47,-315.22,6512.81,8364.09,-389.699,-84.8989,-517.302,766.1,818.544,635.258
1.70662e+06,532145,-2838.55,2414.07,9.92043,9669.26,14351.4,12031.5,2659.67,49296.2,4925.67,-769.414,-595.443,60.5988,23.069,624.567,2652.26,6313.63
1.45058e+06,767675,641.149,870.465,-697.506,3689.33,12843.6,3317.59,3666.09,-160.989,41244.6,16720.9,-1090.88,1012.63,-485.123,68.5654,1292.9,6388.59
1.47802e+06,1.13994e+06,-396.174,19902.7,-1224.97,23841.8,30950,7497.11,15249.2,-386.858,768.608,-1159.78,5752.12,650.376,22.9321,1115.64,9235.56,4573.65
1.36071e+06,658872,815.556,-247.013,-1177.23,2094.32,12466.8,11959.3,2081.89,-348.979,6040.12,-829.096,1367.06,562.478,1025.02,-373.856,3040.84,15762.6
1.33126e+06,392668,310.698,7674.65,-887.201,12582.8,9303.82,6034.25,18929.2,-67.2608,877.959,-593.195,714.047,468.997,-239.569,-483.501,1908.21,271.903
1.55736e+06,359457,-1626.59,1580.78,556.371,470.978,17064.8,3961.92,9471.74,-974.178,22170.3,37413.7,-746.014,-3225.74,-528.358,2877.09,-677.226,14414.8
1.62119e+06,406001,-1844.66,2636.97,-1.92599,535.864,8544.29,12710.1,503.016,-246.961,20975,6090.85,94.1594,6326.38,186.832,6177.72,390.268,2423
1.34658e+06,365222,466.916,23868.8,921.589,13616.7,6284.13,18618.8,2031.24,-188.794,1245.82,4971.62,885.12,-236.61,-525.949,-1135.37,-700.495,1086.08
1.6396e+06,681202,-2572.13,202.899,-1493.39,2900.51,30810.6,4234.07,5404.94,-1673.34,77477.4,751.291,769.478,1908.26,-507.247,10588,1571.38,20634.7
1.33821e+06,443102,737.35,376.752,192.299,38.5166,-318.442,142.086,209.358,182.868,5995.03,551.644,507.058,2434.64,6.64005,-566.346,1538.77,7016.46
1.57128e+06,552460,-2027.15,531.309,47.6604,1397.15,8193.28,564.052,3818.17,-249.675,39210.9,6076.05,266.997,292.222,1212.37,248.249,1657.66,663.491
1.32973e+06,256797,-621.862,1016.9,338.346,-527.18,5779.19,5868,-286.936,794.014,15568.6,3535.64,-763.74,5566.97,298.871,2272.12,1055.47,4154.54
1.47938e+06,388463,-1460.42,16079.1,-432.324,4129.44,20319.1,1593.29,-801.627,-415.796,1021.99,33660.3,1440.05,617.418,-838.972,-362.644,1075.59,6187.08
1.70989e+06,860286,-1806.31,1060.54,699.698,2147.67,13170.5,-992.524,1078.76,-1841.74,82612.4,187144,18665.1,2771.36,4961.29,-1932.46,3210.34,3308.86
2.00748e+06,494357,-1688.98,1114.41,533.938,1946.4,13167.5,36404.5,2930.78,-914.439,62358.1,732.848,57445.5,-2259.76,354.733,8371.04,342.509,28969.9
1.53475e+06,302463,-2771.01,1102.44,-394.034,-109.635,11510.8,-362.871,3958.47,-779.114,15191.3,10304.3,-584.824,-1285.84,-300.682,18837.5,2324.89,6652.24
1.50147e+06,511582,-2298.28,3084.93,26.2345,5033.27,10687.4,5185.28,23974.4,-92.1818,11758.5,-157.098,-359.918,-2585.46,562.203,424.376,498.395,13479
1.83213e+06,529497,-7387.04,755.677,1177.94,-327.157,13560.2,34719.2,471.776,171.346,42583.6,29068,745.594,1222.61,-940.314,2094.97,2404.99,16581.5
1.62686e+06,868976,167.394,-622.985,-1228.14,860.594,22532.5,1405.97,1443.46,-231.424,4545.92,2856.27,4313.84,-127.39,521.968,801.057,2490.76,13908.9
1.65219e+06,619212,-471.654,30536,-1607.06,28537.6,23903.7,25296.3,5192.49,-956.424,670.266,28167,3319.43,-1391.97,149.995,-1972.78,3756.78,1615.46
1.3903e+06,535079,-2389.93,1509.96,615.506,-702.742,6730.33,-2.84846,2946.39,147.947,57626.3,55897.1,21.0405,2685.04,-478.692,593.566,1776.75,18020.4
1.48588e+06,386900,-899.154,330.832,-754.697,365.501,8841.12,45781.1,802.597,12058.5,41151.5,568.731,1185.67,7323.25,-44.7542,-1022.82,1301.87,3280.76
1.54798e+06,620638,-3380.12,4124.72,384.552,3996.88,10407.8,-176.343,1847.88,-1026.38,11601.2,32779.2,320.587,-2212.43,929.769,-1581.13,-483.042,1718.83
1.5147e+06,484078,-4202.46,10367.4,11.9976,4293.45,4825.75,1134.06,-409.225,199.812,6636.24,3379.23,115.23,-720.512,-790.638,14705,790.083,5208.12
1.72067e+06,462680,-4655.49,921.413,43.843,1632.06,34166.6,19924.4,14788.4,-664.357,58513.9,6757.08,23821.4,1012.6,-155.969,-270.744,448.232,37070.6
1.54822e+06,389110,-1060.44,22148.1,662.172,27729.3,6319.11,44692.9,998.266,-631.762,957.694,-1154.41,-284.427,-1601.97,-34.8876,-586.069,-240.645,1239.27
1.95033e+06,710485,969.647,-955.507,-125.319,-1275.72,10424.7,1547.76,-309.627,-252.433,11274.8,34279,316.581,-758.092,828.279,-534.519,1188.6,2013.46
1.62315e+06,797408,-3310.65,1900.46,1170.88,2076.06,9376.95,-651.377,1896.33,-262.594,13070.6,88739.3,-1000.73,1285.06,117.247,644.094,1779.94,5201.83
1.71687e+06,428137,-2632.63,1227.12,-425.979,-309.182,11725.5,14108.9,39.2077,997.671,15603.2,-158.937,1726.64,-137.814,-31.0915,315.741,1883.71,10550.2
2.76852e+06,1.73331e+06,-1904.18,-1217.35,-2158.14,1817.96,-1434.51,-3691.58,3029.18,-1727.78,-100.873,1338.2,-944.967,527.192,5949,-4802.93,22729.1,-1878.93
1.48405e+06,538282,-2373.4,2587.93,-800.232,-1330.83,24171.2,31665.9,2293.81,-715.044,33169.9,4215.19,115969,1474.15,217.598,16452.8,1914.22,41033.9
1.49885e+06,518192,-998.353,20692.6,-584.805,30833.3,9513.12,15372.3,2418.51,-245.511,862.029,9505.63,1442.8,-1279.09,120.215,-1654.26,3221.63,1590.57
1.24994e+06,412682,-1394.28,3067.54,-253.346,3956.48,7056.38,5270.49,5873.52,-48.9761,335.631,6106.26,98.4458,27.913,0.13902,-114.021,1197.46,790.768
1.38658e+06,513298,-2706.64,1714.48,-64.8122,5569.35,20438.1,5835.61,2393.58,-742.659,60581.7,146.791,2995.52,-305.126,-8.16246,1417.03,1242.26,17996
1.61538e+06,487802,-1098.84,757.617,-570.388,1747.24,10393.8,6447.67,12586.4,183.354,45134.1,-89.0708,296.664,1205.77,-105.991,9493.03,462.822,5875.85
1.6575e+06,503083,-2936.54,622.551,1317.83,180.412,-46.4834,2589.07,21820.5,1561.87,42337.1,11257.8,355.194,728.032,-27.3529,870.979,1978.01,17627.6
1.86554e+06,428772,-1885.98,163.826,110.327,506.947,9658.86,7532.76,6929.18,-410.174,14691.4,807.357,1699.48,702.529,-179.775,1649.18,105.571,20428.6
1.64922e+06,342159,-1649.84,1091.7,-435.567,740.559,8268.71,4512.03,5441.83,-714.942,14216.8,11158.7,1602.23,536.917,56.3148,3378.18,3587.18,10194
1.61422e+06,361164,-2545.42,-244.195,51.1404,1437.76,12857.5,5390.75,22331.8,-197.57,51337.8,203.09,-494.19,1128.09,-694.244,6830.91,1337.6,7651.22
1.45261e+06,350757,-2542.38,4166.2,-35.5387,-189.476,12604.8,32163.8,-377.06,9782.81,3295.77,13738.5,240.163,-852.989,-587.17,14297.5,664.18,5559.38
2.09831e+06,979173,-5637.78,3168.08,-235.448,2904.16,41126.8,583.735,13828.2,-1800.4,23078.1,27271,2292.85,902.001,-1020.62,1886.79,3705.61,11820.7
1.34635e+06,398650,220.98,279.875,-146.833,1472.2,6021.38,1798.8,1106.18,-1005.18,36.8538,30364,-753.317,381.437,116.093,-305.461,3945.57,4874.19
1.51916e+06,404645,-939.568,190.574,-209.639,-818.97,8845.38,9283.03,631.12,-50.5797,1768.27,2541.47,347.492,2358.53,328.368,4721.25,1675.31,76787.8
1.65305e+06,393204,-1089.93,669.023,-690.274,16225.2,4422.22,45495.2,1051.96,433.276,108.473,634.297,295.363,-1643.34,206.05,1033.37,1838.31,21068.1
1.85893e+06,561143,-1795.58,1957.47,708.121,-1204.51,12948.5,137377,8742.89,282.626,5658.04,8877.54,972.417,4082.98,-341.222,514.65,23.5075,3343.62
2.13513e+06,839578,-3233.84,-829.952,-523.678,315.264,12624.2,2106.45,2635.97,-205.306,35652.2,71372.9,973.488,2045.06,-577.021,13506.7,3593.47,17745.9
1.87062e+06,937103,-1600.16,83123.7,-1908.75,8501.7,30379.9,5811.24,39786.5,21453.1,56830.8,1120.17,-650.986,-894.767,56.769,3064.72,9238.54,24745.8
1.46271e+06,382309,-2631.55,1646.9,-641.541,-386.446,8166.45,3885.2,7339.93,896.052,12300.8,-288.508,1437.57,837.793,-456.488,-553.888,1634.57,7593.2
1.34358e+06,654480,1692.04,2394.72,-290.597,7599.45,18408.8,419.192,56389.1,-493.353,23534.1,27783.1,-495.374,748.804,-113.226,-1375.57,959.391,5138.06
1.25098e+06,330179,-1280,-423.274,-1802.8,4627.77,10174.5,5329.56,39192.7,24294.6,38949.3,10330.7,2102.97,824.762,197.077,1233.47,1832.66,7095.72
1.34563e+06,280892,-1772.58,40113.2,956.324,5043.46,7878.44,53482,-393.938,259.58,1347.73,47.9441,1807.41,-257.075,-741.279,-1272.53,373.036,480.303
1.6383e+06,705394,-3647.82,44.3852,1315,2024.2,27064.7,1688.69,3396.88,-495.047,46777.8,74482.6,380.395,-159.931,-198.991,931.842,127.792,7437.83
1.27783e+06,419308,-1790.26,1524.69,-691.579,18098.5,7620.84,2006.52,1096.34,-424.947,6908.04,93.2644,2864.68,-210.829,51.4767,-1445.82,4258.68,4410.68
1.4161e+06,604616,-4726.06,221.595,-321.386,376.803,14363.8,2690.01,1787.85,-580.518,68796,-23.4524,1449.28,1080.72,-599.034,6144.83,1545.25,14823.3
1.61651e+06,505054,-746.552,-1117.19,-271.372,-236.868,13022,9168.77,3797.14,-1175.64,41493.4,-311.432,-385.13,-466.136,-188.577,196.743,1052.43,9428
1.88228e+06,680272,-272.828,-1522.38,102.345,220.965,14975.8,18493.6,168.686,1046.07,14654.7,1952.97,2527.6,856.864,42.9338,10268.6,842.26,2039.16
1.61444e+06,261024,-1057.48,39715.9,24.4841,1210.36,4354.51,126217,699.054,200.025,366.321,-90.5635,2808.78,-1347.77,271.536,-42.6279,-237.835,1032.67
1.48955e+06,534237,-1758.39,-292.745,101.061,539.894,9338.52,1247.18,-202.987,-618.25,9284.07,165.67,278.726,536.851,2237.3,-284.72,24.4016,3652.36
1.31007e+06,559863,-2700.86,20210.8,296.587,7883.24,9611.01,7088.43,2995.43,-233.225,7666.12,5269.89,-473.938,-538.68,-939.833,-630.572,-181.918,3825.27
1.2943e+06,413518,-4107.75,490.166,-710.055,547.308,9958.91,9644.03,81.9683,-454.337,24812.2,6512.48,2944.82,-951.796,-303.215,-726.683,1658.34,12444.1
1.71599e+06,720440,-2656.23,11293.7,-774.346,4487.87,12904.6,1718.76,5596.96,-838.036,32444.6,13883.3,-472.763,637.595,508.57,2033.84,1983.47,1928.75
2.14488e+06,1.01248e+06,-4050.16,14758.6,-8.40449,5612.76,11803.5,18081.8,354.367,515.319,2383.78,14746.9,4171.97,-532.062,-166.605,-1878,2576.6,7039.14
1.32749e+06,578800,-2136.43,-2142.69,615.686,79.6686,11429.4,28841.4,4807.64,170.162,116798,49288.3,53273.5,1467.17,-179.884,7810.95,-70.4772,16990.5
1.45665e+06,310927,-1609.34,1526.19,-73.2206,1309.91,5965.06,948.979,16028.6,-114.798,28029.5,1177.16,-681.871,100.473,-6.67184,-814.656,677.198,2096.93
1.66076e+06,534332,-2479.13,1298.14,-632.913,1287.33,13621,5956.58,17017.9,-192.796,34789.3,14358.3,-1952.57,-452.511,89.7261,-116.027,994.49,17952.8
1.33612e+06,305392,-2081.1,7936.82,-23.3483,398.213,4658.88,6289.34,17655.1,266.766,11529.7,5488.58,-166.009,795.119,-443.375,-1240.35,1249.31,5990.15
1.81603e+06,738278,-988.888,-89.8311,-67.5427,10901.5,17619.9,2115.5,42273.4,86601.5,75888.5,25951.3,26779.2,1707.7,614.254,600.195,1622.88,3835.35
1.55239e+06,538598,-1690.16,1438.07,46.7291,613.155,3199.58,5032.52,8345.72,264.086,72048.4,71612,-360.361,1324.74,-310.324,5275.1,1024.1,5412.94
1.32154e+06,685292,-2571.55,1765.05,1066.73,-265.504,27008.9,2527.43,4600.11,2188.02,47266.7,93558.4,87539.1,332.568,-386.694,3395.77,-227.585,23463.5
1.93681e+06,497559,-2768.17,113.057,-380.593,-166.153,27709.6,1366.81,5541.53,-568.574,74441.1,104.375,2901.73,-772.241,-879.879,12764.7,2250.14,24571.3
1.52757e+06,481246,-1541.59,-382.402,-831.98,-97.4673,10305.7,20362,13173.1,-21.2535,34556.2,5941.42,654.059,-1321.19,2.84916,4654.23,2152.63,19178.1
1.58354e+06,529983,-997.134,902.412,-359.102,240.92,7103.97,-101.574,2322.35,-286.575,18900.6,-57.7885,957.532,-666.944,1515.84,261.817,2941.13,1523.38
1.98428e+06,1.51454e+06,5.29141,2129.29,-210.074,7723.81,9891.31,25051.2,2642.53,-335.44,1826.27,812.612,-888.457,-1309.5,940.321,92.6675,5137.67,18656.5
1.4566e+06,428253,433.479,-1375.15,-148.387,1340.99,7235.75,1312.38,-385.848,-711.547,23170.8,9229.59,106.51,621.81,2960.16,-44.3169,3050.03,2577.41
1.65671e+06,570389,-1961.75,691.114,520.128,3565.15,10342.9,17108.3,1265.26,-147.911,130057,-589.091,24666,3722.79,-665.154,6843.71,1699.38,21434.5
1.91293e+06,1.00678e+06,-3521.2,1096.85,-1476.54,-1045.47,87637.2,3781.74,16330.4,-35.9036,32163.6,751.256,-1316.49,-750.169,331.812,6680.42,2219.95,16684.2
1.21925e+06,320391,-666.165,26535,-239.204,186.279,9066,78279.3,68.4163,-150.192,782.108,272.136,953.086,-328.608,-77.4401,-918.123,-517.224,345.45
1.41985e+06,518468,-1344.08,706.607,-800.153,-59.2782,15904.4,3615.42,5055.33,36083.4,25732.2,16418.2,-412.643,618.678,-79.7841,3076.94,1748.46,13083
1.49384e+06,591640,-1035.7,2108.72,-340.083,3700.69,15173.8,698.064,860.217,4095.99,29103.2,35069.2,-414.566,-881.635,1210.53,678.596,1965.9,1277.84
1.48208e+06,529126,802.883,14664.4,-1141.43,13525.5,9927.02,2011.18,4578.76,-118.35,1839.76,-23.3978,-1520.06,-723.47,164.078,-327.144,1827.5,-55.7859
1.38436e+06,501596,-1413.38,345.194,-719.317,650.595,9559.98,2095.73,18755.4,-360.418,12540.3,23924.8,1773.47,-259.988,-265.131,879.814,2121.64,15880.5
1.54272e+06,405349,-1018.74,1262.09,-626.602,897.856,11987.9,14740.4,839.736,2556.57,34191.6,392.343,1652.89,4469.16,-80.268,1262.19,2295.63,1913.22
1.57549e+06,480927,-1856.86,257.185,115.029,574.194,15231.2,11869.4,6096.85,505.688,16901.6,-250.701,491.585,-1966.92,268.606,517.152,1213.79,12316.1
1.33752e+06,436694,-1137.49,-302.462,556.113,3893.19,12519.7,25531.3,12670.8,-420.747,23873.4,18345.7,355.539,-274.422,-119.433,2261.22,1032.79,6856.84
1.74172e+06,677416,-4023.68,4008.57,1282.59,1917.02,31957.6,25369.3,9574.55,321.07,91148,34413.9,32060.9,-241.422,-782.501,11190.1,199.531,39889.7
1.66454e+06,338666,-805.105,-95.6985,-110.962,1895.7,9187.08,7026.41,43927.3,66.3972,26735.9,-104.067,17661.7,2945.12,-189.224,-1383.01,584.617,7860.71
1.42314e+06,569157,618.832,771.559,-118.685,19610.9,9406.15,6844.53,24810.7,2369.72,225.067,369.642,-143.97,-226.291,762.409,-332.906,2246.37,760.58
1.76393e+06,358578,-2010.57,309.68,-840.047,528.738,7611.82,3601.85,6584.02,-390.143,11847.1,301.542,5798,-1225.66,-272.638,-79.9478,1017.91,6777.86
1.90682e+06,897257,-1267.94,-74.8143,2508.4,3213.73,16292.1,227.154,606.139,-239.763,57091.1,57089.6,118.78,487.031,3172,-101.35,986.463,14726.8
1.52835e+06,585616,-1420.13,130.695,-68.2158,169.597,8138.12,261.88,-323.32,-244.635,27133.8,28060.4,245.044,-428.215,1097.04,-981.679,779.107,5112.54
1.59069e+06,316650,-2251.7,6082.23,-170.509,2254.49,6653.28,17740.2,983.005,-231.567,-285.136,-859.279,-216.064,349.776,-328.882,340.121,1894.61,4888.92
1.48803e+06,427868,-419.043,1933.04,627.721,-378.667,15775,18649.7,40694.4,-670.814,64783.7,1729.84,-2650.72,-2328.92,-386.212,4904.01,1334.58,11634.4
1.49389e+06,516614,-2776.91,1370.1,-629.972,6206.42,13471.9,7481.4,646.458,-487.69,43025.5,602.478,-800.535,-509.829,-210.57,-205.743,2431.85,12460.7
1.33988e+06,823836,-3115.01,4968.94,-474.534,9588.02,20179.7,876.703,1429.21,599.086,40385.2,16851.3,123302,-2005.16,-401.014,654.473,10806.8,6564.78
1.95476e+06,569785,-1502.89,-221.491,-353.8,-766.419,12390.7,3103.89,1735.95,-517.107,30668.7,68543.6,5375.08,-1365.08,-448.693,-447.596,1229.49,16155.1
1.40665e+06,545028,-435.658,-1717.82,199.539,1425.84,10785,9285.92,7958.55,866.681,16702.2,17746,71.4135,216.8,-100.206,-1372.65,1576.37,11855
1.47918e+06,406826,-544.477,-1011.74,20.8251,1008.38,19852,4326.93,907.687,-160.16,29536.2,-451.496,2831.52,-1410.42,101.225,928.729,1813.35,18543
1.28117e+06,582582,-507.276,506.419,-932.14,2626.75,14964.4,6503.03,4186.75,11144.4,14260.3,1172.45,76363,2824.04,333.245,698.672,2961.65,5250.63
1.81497e+06,585823,-1878.44,2013.52,-333.797,5905.99,20154,11565.9,16166.7,-900.28,261.141,28849.8,64.2112,214.907,145.56,-1672.47,1248.27,5167.53
1.47581e+06,631055,-3485.02,1143.67,791.806,479.65,31080.2,17958.8,24707.3,900.618,50096.4,14812.8,3091.11,1687.12,148.517,9211.32,3336.73,33730.7
1.54e+06,792107,-1432.94,1540.77,238.283,-365.011,10662,9146.07,8562.18,226.759,58748.9,8507.46,7504.04,1204.83,311.042,512.073,1220.33,18481.3
1.42893e+06,508652,-3262.16,2650.21,-32.8186,2279.31,17385.9,4037.65,790.813,-131.388,13873.8,515.844,-467.632,-3183.53,-138.632,3237.77,1457.18,9677.87
1.31492e+06,367734,-1307.72,1000.29,696.83,341.514,7011.75,10814,252.208,233.845,621.666,10955.6,1322.75,378.361,-234.088,1522.89,612.547,13966.1
1.8261e+06,650747,-2371.55,1771.23,793.155,-834.155,10534.1,499.094,1629.18,-1064.36,48281.7,-654.325,-910.258,1131.13,-329.59,761.203,2153.05,7285.74
1.39592e+06,645198,-2474.84,1925.67,404.991,1595.28,11527.2,6083.53,3056.46,-51.5184,39558.2,-68.7424,183.097,2374.52,-145.474,3408.51,1345.97,14150.1
1.32951e+06,317267,-1099.07,1167.58,134.419,-635.861,4176.37,18137.5,841.685,-548.329,27444.5,13854.6,6791.97,7508.46,0.417969,231.649,900.15,2562.16
1.45815e+06,401960,-834.381,40.3788,-93.0688,-1089.92,2937.18,2765.86,1180.65,590.53,9020,11714.3,723.959,127.03,262.148,-790.868,1453.03,8396.37
1.60749e+06,573077,-651.656,1397.17,144.124,7123.13,12955.6,8271.95,761.056,1554.77,9451.6,354.74,2426.62,-868.109,-107.577,-161.911,3091.01,4544.21
1.52149e+06,316155,-1488.18,26078.9,-435.837,10497.2,6390.38,73615.4,-585.341,-544.041,703.764,-802.996,2193.98,-355.488,-570.86,-1901.31,523.856,534.686
1.45183e+06,637884,-1007.26,113.286,-532.946,798.324,10522,4165.78,27305.2,91.594,24593.3,-313.843,-757.516,773.858,387.002,2289.75,1594.53,13948.3
1.53974e+06,617377,-2730.57,251.822,-374.585,-177.804,20038.4,3486.72,2882.6,552.337,27582.5,43518.8,-792.985,935.596,59.4526,1968.08,2465.14,11182.1
1.52087e+06,561304,-1357.39,21428.9,129.321,5129.93,11842.6,11479.1,2295.66,141.393,-512.316,17970.3,-327.807,-672.461,-68.3998,-681.193,873.74,909.957
1.73533e+06,767634,-2426.8,319.829,-162.095,627.373,21345.5,8955.73,493.034,-1056.22,47830.1,-99.4951,5128.83,1219,252.602,360.713,1660.95,17020.6
1.56615e+06,526530,-2064.79,1583.74,-339.387,2502.87,19049.1,4976.86,1818.03,-988.125,36351.5,-135.909,1207.91,-382.781,-49.3171,2765.55,1933.98,25996.4
1.5211e+06,494879,-3387.55,109.659,140.914,271.584,22348.9,5568.13,4768.39,-314.127,51081.7,-102.776,2371.34,746.713,-386.509,6371.97,3124.85,24853.7
1.42513e+06,236037,-1010.86,1694.74,-88.6464,1294.83,5812.02,26244,135.201,3747.68,15427.8,2820.99,314.665,1697.57,-319.286,-144.088,1839.22,11174.3
1.85444e+06,569174,-2016.01,4249.19,-89.5619,556.64,10645.4,1869.46,2990.61,-343.84,14169.5,9559.43,707.046,1014.05,-544.144,24237.8,540.276,8366.23
1.24713e+06,309473,-1363.05,34968.7,106.441,5701,6277.48,50233.1,2577.29,-484.294,-520.779,-932.665,40.3771,-802.607,-514.311,-920.698,687.968,96.8659
1.30624e+06,722290,-164.529,-230.091,-947.284,-209.212,9734.22,1057.04,8461.13,-273.75,14193.1,24297.8,1625.97,757.258,1026.36,-1675.85,2176.79,12197.1
1.52489e+06,674153,-1139.84,-426.814,-760.536,3156.63,27366.3,26118.7,7860.08,-889.655,21132.8,24914,2287.94,703.021,-365.343,-434.662,940.755,11571.1
1.33429e+06,449798,-332.658,687.849,-544.991,2.29249,8532.68,7097.44,10439.8,316.063,27288.4,-44.8004,-1139.03,1812.19,-121.059,-501.454,1419.3,2549.24
1.83026e+06,644131,-1722.89,686.298,-1213.32,749.127,16866.7,14047.3,2717.35,-603.907,38593.5,39430.1,-30.9075,1845.7,-82.9723,865.889,1385.95,11223.1
1.73215e+06,464757,-3361.79,856.119,409.172,1462.03,7229.03,3183.95,858.818,-454.106,35674.9,22241.4,-1921.45,1862.83,1198.23,998.854,-276.473,6309.72
1.21714e+06,634692,-2763.35,1218.92,-698.723,1851.36,18207.3,8650.94,27381.6,-1053.76,81376.6,-1037.47,10416.2,1394.53,11.1332,1698.93,1963.59,12744.3
1.67967e+06,539587,-6969.67,8889.05,-145.221,3520.72,7895.7,6938.36,973.713,-66.3464,1733.92,12919.4,-723.166,-630.873,-726.229,184.299,2165.62,7582.26
1.51187e+06,460739,-1089.86,263.146,460.982,-378.643,13469.8,22665.9,8307.21,-20.8595,1268.35,9995.57,-346.571,287.514,-100.549,2086.83,96.3345,11559.1
1.44656e+06,538316,-617.198,36.4321,-1059.64,11832.8,10471.5,12514.7,82.9467,-220.331,521.753,21610,-494.726,1493.36,-77.7082,2323.73,1113.25,14485.9
1.26685e+06,726096,-1743.4,-118.516,-214.09,11048.8,11554.3,1082.79,4061,106.401,46695.6,21832.9,2151.88,758.026,-371.397,114.244,-188.31,5686.44
1.70432e+06,401963,-122.042,410.057,-275.268,2346.84,9620.18,-81.9156,2025.57,421.415,19488.5,11943.9,122.163,676.955,-328.512,-284.147,6059.33,3114.13
1.55542e+06,491276,-2079.94,13315.8,-48.1406,6442.87,9306.05,6512.92,1726.1,307.406,-511.544,-131.218,1714.87,-173.383,-100.712,189.741,2712.06,10258.1
1.73099e+06,246228,-2157.53,38.2654,335.109,-503.001,6188.39,32817.8,1368.58,35.4797,15735.7,7339.89,570.586,1062.67,-7.68143,1809.86,-30.9772,3120.67
1.49559e+06,563142,-2872.3,752.186,-41.6417,984.542,9066.91,191260,759.679,768.008,32604,-511.056,172.41,786.916,468.628,-48.5635,685.068,3153.07
1.51644e+06,314368,-2006.84,3706.18,-188.179,3800.6,6816.18,38207,13.0467,-919.216,243.765,1028.89,1300.44,2636.97,-667.117,510.79,-500.926,1407.74
1.33639e+06,243052,802.474,554.936,-295.641,10704.1,3194.1,36973.9,-63.7316,-286.402,289.654,1781.19,-967.382,40.2823,153.972,-68.6455,603.569,893.866
1.7217e+06,410822,-2914.72,3252.21,189.546,160.669,12331.9,74286.1,2022.21,81597.6,43020.8,-204.396,-370.893,4094.56,-409.01,-1199.44,3251.04,2618.66
2.01733e+06,356215,-3894.46,785.966,536.215,599.147,13009.7,2549.17,8.26188,-341.309,47672.4,3313.46,-461.132,1465.9,-660.216,-28.79,1783.31,8652.34
1.63812e+06,530599,-3840.6,2020.35,348.215,1561.84,13172.3,1049.92,15252.1,-20.8525,9102.34,399.778,972.695,-595.789,-637.048,4559.46,998.678,12354
1.3609e+06,328960,-3112.43,1140.51,-641.067,2628.82,13626.9,9137.67,4512.46,-499.704,42300.8,8159.07,1960.8,-349.762,-308.535,2354.89,494.157,19955.3
1.29445e+06,466977,-2569.34,1326.68,-92.8297,1419.33,6907.15,1963.16,1803.52,501.841,12618,13976.9,-1088.01,657.094,4881.5,568.225,1031.14,1002.67
1.8459e+06,590097,510.695,1446.98,-1602.78,9542.32,13982.7,817.144,2418.92,1967.26,4288.6,14374.7,9647.55,-22.1664,418.509,-81.5181,5772.79,7290.52
1.40952e+06,416532,-1664.62,12636.1,531.32,26910.6,13630,27237.3,968.998,-347.421,1312.73,-147.158,1933.8,985.958,469.82,784.804,378.427,730.532
1.62513e+06,593114,-1615.09,9474.75,-573.978,3371.39,21448.3,-618.118,9614.72,-827.822,10570,-1229.63,1087.82,150.438,-129.339,1617.42,1507.1,13536.4
1.71214e+06,583726,-1833.63,1794.43,185.429,10072.6,16283.8,5054.47,10339.2,563.999,1531.94,8740.64,-646.425,128.609,142.975,8944.15,272.708,12543.8
1.22094e+06,427207,-593.282,916.401,1205.09,952.345,15487.7,14969.8,1028.42,2137.4,19653.7,1336,39072.2,705.294,91.121,9073.15,263.74,18388.1
1.40643e+06,454620,-1122.34,1975.72,-91.5917,626.293,13047.3,6422.15,22512.3,1169.35,41139.3,-110.743,1105.8,431.522,-557.025,744.286,1287.5,3659.23
1.60704e+06,639465,-384.084,669.73,-342.171,2604.01,9215.01,6608.19,688.689,-150.283,10972.3,8534.5,1291.7,-553.776,-200.129,-731.768,-41.1984,8033.07
1.7712e+06,704668,-3316.01,11718.7,-596.853,10353.8,19857,7839.03,3488.64,-316.206,16318.3,-63.228,525.014,-2299.57,-379.623,260.788,1851.76,11968.4
1.37799e+06,341968,-2033.49,73352.5,-380.51,5519.99,10577.9,163635,-282.618,-795.323,465.287,262.494,1988.7,-199.235,-242.569,-81.7822,-717.057,53.7052
1.5372e+06,486472,-1258.61,4582.84,-573.048,41296.4,5202.99,1706.69,19350.8,359.495,442.647,-923.94,2107.27,380.823,298.916,147.575,2239.33,1310.69
1.32047e+06,488484,-1254.19,-581.218,-251.436,757.703,13566.3,14816.8,9172.92,1051.19,27914.8,292.856,1301.04,959.322,-299.206,-268.03,701.735,12028.1
1.66524e+06,295995,-1130.7,-25.56,3411.12,770.061,7924.72,4025.05,51340.4,-375.171,116115,4417.77,1594.92,-2555.76,-100.614,-1136.07,1461.29,6540.74
1.35267e+06,654353,-4505.07,1649.6,-1467.8,-1508.73,37102.8,16583,5620.1,356.295,59136.8,163.551,3874.87,-734.004,-281.61,3613.51,1651.23,19531.2
1.2453e+06,365979,-2343.87,4237.52,53.7219,2592.08,9441.31,-297.865,16650.3,-690.439,8720.43,-544.487,-18.8739,344.984,-590.815,71.4102,891.569,2845.91
1.65331e+06,635542,-1806.36,1366.22,-790.54,2340.59,9608.45,7101.81,35483.7,-198.028,58253,519.936,414.288,-631.167,-260.859,2798.47,252.679,4272.06
1.57892e+06,799115,-2719.76,944.629,667.851,6528.62,18165.1,14889.3,18546.1,-434.271,31489.2,-149.503,647.152,1221.3,97.2451,3699.87,958.498,11235.1
1.42028e+06,329814,-3481.64,3290.62,18.9576,13610.5,11252.4,17044.1,6736.85,-401.782,5930.06,17486.2,1447.1,1908.25,-91.0303,2205.24,-364.788,2558.76
1.93416e+06,447956,-3827.57,1376.69,-512.997,-1210.14,22488.5,4101.44,7863.85,3293.89,21784.8,11757.2,-660.111,-2379.68,-478.934,757.021,3772.88,13986.8
